id,standard_id,title,department,sector,keywords,scope_summary,requirement_cues,status_for_demo,applicability,prototype_note,source,source_url,embedding_text
1,IS 456:2000,Plain and Reinforced Concrete — Code of Practice,Civil Engineering,Construction,concrete; RCC; reinforced concrete; structural concrete; mix; durability; cover; reinforcement,Design and construction of plain and reinforced concrete structures,concrete structures; RCC; reinforcement; structural design,candidate,AI recommendation only — human/BIS verification required,core construction standard; verify latest BIS status before production use,BIS / official BIS references; prototype metadata requires verification before production use,https://www.bis.gov.in/know-your-standard/?lang=en,IS 456:2000 | Plain and Reinforced Concrete — Code of Practice | Construction | concrete; RCC; reinforced concrete; structural concrete; mix; durability; cover; reinforcement | Design and construction of plain and reinforced concrete structures | concrete structures; RCC; reinforcement; structural design
2,IS 800:2007,General Construction in Steel — Code of Practice,Civil Engineering,Construction,steel structure; structural steel; beams; columns; truss; steel frame; welding; bolting,"Design, fabrication and erection of structural steelwork",steel building; steel frame; structural members,candidate,AI recommendation only — human/BIS verification required,core steel construction standard; verify latest BIS status before production use,BIS / official BIS references; prototype metadata requires verification before production use,https://www.bis.gov.in/know-your-standard/?lang=en,"IS 800:2007 | General Construction in Steel — Code of Practice | Construction | steel structure; structural steel; beams; columns; truss; steel frame; welding; bolting | Design, fabrication and erection of structural steelwork | steel building; steel frame; structural members"
3,IS 875 (Part 1):1987,Code of Practice for Design Loads (Other Than Earthquake) for Buildings and Structures — Part 1: Dead Loads,Civil Engineering,Construction,dead load; self weight; building load; permanent load,Dead-load values for buildings and structures,self weight; permanent load; structural loading,candidate,AI recommendation only — human/BIS verification required,use as candidate; verify edition/status,BIS / official BIS references; prototype metadata requires verification before production use,https://www.bis.gov.in/know-your-standard/?lang=en,IS 875 (Part 1):1987 | Code of Practice for Design Loads (Other Than Earthquake) for Buildings and Structures — Part 1: Dead Loads | Construction | dead load; self weight; building load; permanent load | Dead-load values for buildings and structures | self weight; permanent load; structural loading
4,IS 875 (Part 2):1987,Code of Practice for Design Loads (Other Than Earthquake) for Buildings and Structures — Part 2: Imposed Loads,Civil Engineering,Construction,live load; imposed load; occupancy; floor load; roof load,Imposed/live loads for buildings and structures,floor loading; occupancy; live load; roof load,candidate,AI recommendation only — human/BIS verification required,use as candidate; verify edition/status,BIS / official BIS references; prototype metadata requires verification before production use,https://www.bis.gov.in/know-your-standard/?lang=en,IS 875 (Part 2):1987 | Code of Practice for Design Loads (Other Than Earthquake) for Buildings and Structures — Part 2: Imposed Loads | Construction | live load; imposed load; occupancy; floor load; roof load | Imposed/live loads for buildings and structures | floor loading; occupancy; live load; roof load
5,IS 875 (Part 3):2015,Code of Practice for Design Loads (Other Than Earthquake) for Buildings and Structures — Part 3: Wind Loads,Civil Engineering,Construction,wind load; wind speed; pressure; building height; wind design,Wind-load assessment and design parameters,wind; pressure; gust; structural design,candidate,AI recommendation only — human/BIS verification required,use as candidate; verify edition/status,BIS / official BIS references; prototype metadata requires verification before production use,https://www.bis.gov.in/know-your-standard/?lang=en,IS 875 (Part 3):2015 | Code of Practice for Design Loads (Other Than Earthquake) for Buildings and Structures — Part 3: Wind Loads | Construction | wind load; wind speed; pressure; building height; wind design | Wind-load assessment and design parameters | wind; pressure; gust; structural design
6,IS 875 (Part 5):1987,Code of Practice for Design Loads (Other Than Earthquake) for Buildings and Structures — Part 5: Special Loads and Load Combinations,Civil Engineering,Construction,load combination; special load; structural load,Special loads and combinations used in structural design,load combinations; structural design,candidate,AI recommendation only — human/BIS verification required,use as candidate; verify edition/status,BIS / official BIS references; prototype metadata requires verification before production use,https://www.bis.gov.in/know-your-standard/?lang=en,IS 875 (Part 5):1987 | Code of Practice for Design Loads (Other Than Earthquake) for Buildings and Structures — Part 5: Special Loads and Load Combinations | Construction | load combination; special load; structural load | Special loads and combinations used in structural design | load combinations; structural design
7,IS 1893 (Part 1):2016,Criteria for Earthquake Resistant Design of Structures — Part 1: General Provisions and Buildings,Civil Engineering,Construction,earthquake; seismic; seismic zone; response spectrum; earthquake resistant,Seismic design criteria for structures and buildings,earthquake; seismic design; seismic zone,candidate,AI recommendation only — human/BIS verification required,use as candidate; verify latest edition/status,BIS / official BIS references; prototype metadata requires verification before production use,https://www.bis.gov.in/know-your-standard/?lang=en,IS 1893 (Part 1):2016 | Criteria for Earthquake Resistant Design of Structures — Part 1: General Provisions and Buildings | Construction | earthquake; seismic; seismic zone; response spectrum; earthquake resistant | Seismic design criteria for structures and buildings | earthquake; seismic design; seismic zone
8,IS 13920:2016,Ductile Design and Detailing of Reinforced Concrete Structures Subjected to Seismic Forces — Code of Practice,Civil Engineering,Construction,ductile detailing; seismic; RCC; earthquake; reinforcement; confinement,Ductile detailing of reinforced concrete structures in seismic conditions,ductile detailing; seismic RCC; reinforcement,candidate,AI recommendation only — human/BIS verification required,use as candidate; verify latest edition/status,BIS / official BIS references; prototype metadata requires verification before production use,https://www.bis.gov.in/know-your-standard/?lang=en,IS 13920:2016 | Ductile Design and Detailing of Reinforced Concrete Structures Subjected to Seismic Forces — Code of Practice | Construction | ductile detailing; seismic; RCC; earthquake; reinforcement; confinement | Ductile detailing of reinforced concrete structures in seismic conditions | ductile detailing; seismic RCC; reinforcement
9,IS 10262:2019,Concrete Mix Proportioning — Guidelines,Civil Engineering,Construction,concrete mix design; mix proportion; water cement ratio; aggregate; cement,Concrete mix proportioning,mix design; concrete grade; aggregate; cement,candidate,AI recommendation only — human/BIS verification required,use as candidate; verify latest edition/status,BIS / official BIS references; prototype metadata requires verification before production use,https://www.bis.gov.in/know-your-standard/?lang=en,IS 10262:2019 | Concrete Mix Proportioning — Guidelines | Construction | concrete mix design; mix proportion; water cement ratio; aggregate; cement | Concrete mix proportioning | mix design; concrete grade; aggregate; cement
10,IS 383:2016,Coarse and Fine Aggregate for Concrete — Specification,Civil Engineering,Construction,aggregate; coarse aggregate; fine aggregate; sand; concrete,Requirements for aggregates used in concrete,sand; aggregate; concrete material,candidate,AI recommendation only — human/BIS verification required,use as candidate; verify latest edition/status,BIS / official BIS references; prototype metadata requires verification before production use,https://www.bis.gov.in/know-your-standard/?lang=en,IS 383:2016 | Coarse and Fine Aggregate for Concrete — Specification | Construction | aggregate; coarse aggregate; fine aggregate; sand; concrete | Requirements for aggregates used in concrete | sand; aggregate; concrete material
11,IS 1786:2008,High Strength Deformed Steel Bars and Wires for Concrete Reinforcement — Specification,Civil Engineering,Construction,TMT; reinforcement bar; rebar; steel bar; Fe415; Fe500; reinforcement,Specification for high-strength deformed steel reinforcement,TMT bars; reinforcement steel; Fe grades,candidate,AI recommendation only — human/BIS verification required,use as candidate; verify latest edition/status,BIS / official BIS references; prototype metadata requires verification before production use,https://www.bis.gov.in/know-your-standard/?lang=en,IS 1786:2008 | High Strength Deformed Steel Bars and Wires for Concrete Reinforcement — Specification | Construction | TMT; reinforcement bar; rebar; steel bar; Fe415; Fe500; reinforcement | Specification for high-strength deformed steel reinforcement | TMT bars; reinforcement steel; Fe grades
12,IS 269:2015,Ordinary Portland Cement — Specification,Civil Engineering,Construction,OPC; cement; Portland cement; concrete; cement grade,Requirements for ordinary Portland cement,cement; OPC; concrete material,candidate,AI recommendation only — human/BIS verification required,use as candidate; verify latest edition/status,BIS / official BIS references; prototype metadata requires verification before production use,https://www.bis.gov.in/know-your-standard/?lang=en,IS 269:2015 | Ordinary Portland Cement — Specification | Construction | OPC; cement; Portland cement; concrete; cement grade | Requirements for ordinary Portland cement | cement; OPC; concrete material
13,IS 516:1959,Methods of Tests for Strength of Concrete,Civil Engineering,Construction,concrete test; compressive strength; flexural strength; cube test; specimen,Testing methods for strength of concrete,compressive strength; cube; concrete testing,candidate,AI recommendation only — human/BIS verification required,use as candidate; verify current parts/revisions,BIS / official BIS references; prototype metadata requires verification before production use,https://www.bis.gov.in/know-your-standard/?lang=en,IS 516:1959 | Methods of Tests for Strength of Concrete | Construction | concrete test; compressive strength; flexural strength; cube test; specimen | Testing methods for strength of concrete | compressive strength; cube; concrete testing
14,IS 4031 (Part 6):1988,Methods of Physical Tests for Hydraulic Cement — Determination of Compressive Strength,Civil Engineering,Construction,cement test; compressive strength; mortar cube; hydraulic cement,Compressive-strength testing of hydraulic cement,cement testing; compressive strength,candidate,AI recommendation only — human/BIS verification required,use as candidate; verify current status,BIS / official BIS references; prototype metadata requires verification before production use,https://www.bis.gov.in/know-your-standard/?lang=en,IS 4031 (Part 6):1988 | Methods of Physical Tests for Hydraulic Cement — Determination of Compressive Strength | Construction | cement test; compressive strength; mortar cube; hydraulic cement | Compressive-strength testing of hydraulic cement | cement testing; compressive strength
15,IS 694:2010,PVC Insulated Unsheathed and Sheathed Cables/ Cords with Rigid and Flexible Conductor for Rated Voltages Up To and Including 450/750 V — Specification,Electrotechnical,Electrical,PVC cable; wire; electrical cable; conductor; 450/750 V; insulated cable,PVC insulated electrical cables and cords,wire; cable; PVC; conductor; voltage,candidate,AI recommendation only — human/BIS verification required,use as candidate; verify latest BIS status,BIS / official BIS references; prototype metadata requires verification before production use,https://www.bis.gov.in/know-your-standard/?lang=en,IS 694:2010 | PVC Insulated Unsheathed and Sheathed Cables/ Cords with Rigid and Flexible Conductor for Rated Voltages Up To and Including 450/750 V — Specification | Electrical | PVC cable; wire; electrical cable; conductor; 450/750 V; insulated cable | PVC insulated electrical cables and cords | wire; cable; PVC; conductor; voltage
16,IS 732:2019,Code of Practice for Electrical Wiring Installations (Wiring Installations in Buildings),Electrotechnical,Electrical,electrical wiring; building wiring; installation; circuits; earthing; protection,Electrical wiring installations in buildings,building wiring; electrical installation; circuits,candidate,AI recommendation only — human/BIS verification required,use as candidate; verify latest BIS status,BIS / official BIS references; prototype metadata requires verification before production use,https://www.bis.gov.in/know-your-standard/?lang=en,IS 732:2019 | Code of Practice for Electrical Wiring Installations (Wiring Installations in Buildings) | Electrical | electrical wiring; building wiring; installation; circuits; earthing; protection | Electrical wiring installations in buildings | building wiring; electrical installation; circuits
17,IS 3043:2018,Code of Practice for Earthing,Electrotechnical,Electrical,earthing; grounding; earth electrode; electrical safety; bonding,Earthing arrangements for electrical installations,grounding; earthing; electrical safety,candidate,AI recommendation only — human/BIS verification required,use as candidate; verify latest BIS status,BIS / official BIS references; prototype metadata requires verification before production use,https://www.bis.gov.in/know-your-standard/?lang=en,IS 3043:2018 | Code of Practice for Earthing | Electrical | earthing; grounding; earth electrode; electrical safety; bonding | Earthing arrangements for electrical installations | grounding; earthing; electrical safety
18,IS 1646:2015,Code of Practice for Fire Safety of Buildings (General): Electrical Installations,Electrotechnical,Electrical,electrical fire safety; wiring; fire; building electrical installation,Fire safety considerations for electrical installations in buildings,fire safety; electrical installation; building,candidate,AI recommendation only — human/BIS verification required,use as candidate; verify latest BIS status,BIS / official BIS references; prototype metadata requires verification before production use,https://www.bis.gov.in/know-your-standard/?lang=en,IS 1646:2015 | Code of Practice for Fire Safety of Buildings (General): Electrical Installations | Electrical | electrical fire safety; wiring; fire; building electrical installation | Fire safety considerations for electrical installations in buildings | fire safety; electrical installation; building
19,IS 1180 (Part 1):2014,"Outdoor Type Oil Immersed Distribution Transformers Up to and Including 2500 kVA, 33 kV — Specification — Part 1",Electrotechnical,Electrical,distribution transformer; transformer; 33 kV; 2500 kVA; oil immersed,Outdoor oil-immersed distribution transformers,transformer; distribution; 33kV; kVA; oil,candidate,AI recommendation only — human/BIS verification required,use as candidate; BIS search result shows a fourth revision in 2025; verify exact current edition before use,BIS / official BIS references; prototype metadata requires verification before production use,https://www.bis.gov.in/know-your-standard/?lang=en,"IS 1180 (Part 1):2014 | Outdoor Type Oil Immersed Distribution Transformers Up to and Including 2500 kVA, 33 kV — Specification — Part 1 | Electrical | distribution transformer; transformer; 33 kV; 2500 kVA; oil immersed | Outdoor oil-immersed distribution transformers | transformer; distribution; 33kV; kVA; oil"
20,IS 10028 (Part 1):1985,"Code of Practice for Selection, Installation and Maintenance of Transformers — Part 1: Selection",Electrotechnical,Electrical,transformer selection; transformer installation; electrical equipment,Selection of transformers,transformer; selection; electrical system,candidate,AI recommendation only — human/BIS verification required,use as candidate; verify latest status,BIS / official BIS references; prototype metadata requires verification before production use,https://www.bis.gov.in/know-your-standard/?lang=en,"IS 10028 (Part 1):1985 | Code of Practice for Selection, Installation and Maintenance of Transformers — Part 1: Selection | Electrical | transformer selection; transformer installation; electrical equipment | Selection of transformers | transformer; selection; electrical system"
21,IS 10028 (Part 2):1981,"Code of Practice for Selection, Installation and Maintenance of Transformers — Part 2: Installation",Electrotechnical,Electrical,transformer installation; substation; transformer; electrical installation,Installation practices for transformers,transformer; installation; substation,candidate,AI recommendation only — human/BIS verification required,use as candidate; verify latest status,BIS / official BIS references; prototype metadata requires verification before production use,https://www.bis.gov.in/know-your-standard/?lang=en,"IS 10028 (Part 2):1981 | Code of Practice for Selection, Installation and Maintenance of Transformers — Part 2: Installation | Electrical | transformer installation; substation; transformer; electrical installation | Installation practices for transformers | transformer; installation; substation"
22,IS 2065:1983,Code of Practice for Water Supply in Buildings,Civil Engineering,Water & Plumbing,water supply; building plumbing; water distribution; storage tank; pipework,Water-supply systems within buildings,building water supply; plumbing; pipes; storage,candidate,AI recommendation only — human/BIS verification required,use as candidate; verify latest status,BIS / official BIS references; prototype metadata requires verification before production use,https://www.bis.gov.in/know-your-standard/?lang=en,IS 2065:1983 | Code of Practice for Water Supply in Buildings | Water & Plumbing | water supply; building plumbing; water distribution; storage tank; pipework | Water-supply systems within buildings | building water supply; plumbing; pipes; storage
23,IS 1172:1993,"Code of Basic Requirements for Water Supply, Drainage and Sanitation",Civil Engineering,Water & Plumbing,water supply; drainage; sanitation; plumbing; sanitary fixture; building,"Basic requirements for building water supply, drainage and sanitation",sanitation; drainage; water supply; plumbing,candidate,AI recommendation only — human/BIS verification required,use as candidate; verify latest status,BIS / official BIS references; prototype metadata requires verification before production use,https://www.bis.gov.in/know-your-standard/?lang=en,"IS 1172:1993 | Code of Basic Requirements for Water Supply, Drainage and Sanitation | Water & Plumbing | water supply; drainage; sanitation; plumbing; sanitary fixture; building | Basic requirements for building water supply, drainage and sanitation | sanitation; drainage; water supply; plumbing"
24,IS 10500:2012,Drinking Water — Specification,Food & Agriculture,Water,drinking water; potable water; water quality; microbiological; chemical parameters,Quality requirements for drinking water,potable water; drinking water; water quality,candidate,AI recommendation only — human/BIS verification required,use as candidate; verify amendments/current status,BIS / official BIS references; prototype metadata requires verification before production use,https://www.bis.gov.in/know-your-standard/?lang=en,IS 10500:2012 | Drinking Water — Specification | Water | drinking water; potable water; water quality; microbiological; chemical parameters | Quality requirements for drinking water | potable water; drinking water; water quality
25,IS 14543:2016,Packaged Drinking Water (Other Than Packaged Natural Mineral Water) — Specification,Food & Agriculture,Water / Food,packaged drinking water; bottled water; potable water; packaging; microbiological,Requirements for packaged drinking water,bottled water; packaged water; drinking water,candidate,AI recommendation only — human/BIS verification required,BIS portal example records this standard as under mandatory certification; verify current requirements,BIS / official BIS references; prototype metadata requires verification before production use,https://www.bis.gov.in/know-your-standard/?lang=en,IS 14543:2016 | Packaged Drinking Water (Other Than Packaged Natural Mineral Water) — Specification | Water / Food | packaged drinking water; bottled water; potable water; packaging; microbiological | Requirements for packaged drinking water | bottled water; packaged water; drinking water
26,IS 4251:1967,Quality Tolerances for Water for Processed Food Industry,Food & Agriculture,Food Processing,process water; food industry; water quality; processed food,Water quality requirements for processed-food operations,food processing; process water,candidate,AI recommendation only — human/BIS verification required,use as candidate; verify latest status,BIS / official BIS references; prototype metadata requires verification before production use,https://www.bis.gov.in/know-your-standard/?lang=en,IS 4251:1967 | Quality Tolerances for Water for Processed Food Industry | Food Processing | process water; food industry; water quality; processed food | Water quality requirements for processed-food operations | food processing; process water
27,IS 210:2009,Grey Iron Castings — Specification,Mechanical Engineering,Manufacturing,cast iron; grey iron; casting; foundry; mechanical component,Requirements for grey iron castings,cast iron; casting; foundry,candidate,AI recommendation only — human/BIS verification required,use as candidate; verify latest status,BIS / official BIS references; prototype metadata requires verification before production use,https://www.bis.gov.in/know-your-standard/?lang=en,IS 210:2009 | Grey Iron Castings — Specification | Manufacturing | cast iron; grey iron; casting; foundry; mechanical component | Requirements for grey iron castings | cast iron; casting; foundry
28,IS 2062:2011,Hot Rolled Medium and High Tensile Structural Steel — Specification,Metallurgical Engineering,Steel / Manufacturing,structural steel; hot rolled; steel plate; steel section; tensile strength,Hot-rolled structural steel requirements,structural steel; plate; section; tensile,candidate,AI recommendation only — human/BIS verification required,use as candidate; verify latest status,BIS / official BIS references; prototype metadata requires verification before production use,https://www.bis.gov.in/know-your-standard/?lang=en,IS 2062:2011 | Hot Rolled Medium and High Tensile Structural Steel — Specification | Steel / Manufacturing | structural steel; hot rolled; steel plate; steel section; tensile strength | Hot-rolled structural steel requirements | structural steel; plate; section; tensile
29,IS 319:2020,"Free-Cutting Brass Bars, Rods and Sections — Specification",Metallurgical Engineering,Manufacturing,brass; bar; rod; section; free cutting,Free-cutting brass product specifications,brass; metal; bar; rod,candidate,AI recommendation only — human/BIS verification required,use as candidate; verify latest status,BIS / official BIS references; prototype metadata requires verification before production use,https://www.bis.gov.in/know-your-standard/?lang=en,"IS 319:2020 | Free-Cutting Brass Bars, Rods and Sections — Specification | Manufacturing | brass; bar; rod; section; free cutting | Free-cutting brass product specifications | brass; metal; bar; rod"
30,IS/ISO 9001:2015,Quality Management Systems — Requirements,Management & Systems,Quality Management,quality management; QMS; quality system; customer satisfaction; process control,Requirements for a quality management system,QMS; quality assurance; process management,candidate,AI recommendation only — human/BIS verification required,system standard; not a product specification,BIS / official BIS references; prototype metadata requires verification before production use,https://www.bis.gov.in/know-your-standard/?lang=en,IS/ISO 9001:2015 | Quality Management Systems — Requirements | Quality Management | quality management; QMS; quality system; customer satisfaction; process control | Requirements for a quality management system | QMS; quality assurance; process management
31,IS/ISO 14001:2015,Environmental Management Systems — Requirements with Guidance for Use,Management & Systems,Environmental Management,environmental management; EMS; environmental aspects; sustainability,Environmental management system requirements,EMS; environment; sustainability,candidate,AI recommendation only — human/BIS verification required,system standard; not a product specification,BIS / official BIS references; prototype metadata requires verification before production use,https://www.bis.gov.in/know-your-standard/?lang=en,IS/ISO 14001:2015 | Environmental Management Systems — Requirements with Guidance for Use | Environmental Management | environmental management; EMS; environmental aspects; sustainability | Environmental management system requirements | EMS; environment; sustainability
32,IS/ISO 45001:2018,Occupational Health and Safety Management Systems — Requirements with Guidance for Use,Management & Systems,Occupational Safety,occupational safety; OH&S; worker safety; hazard; risk management,Occupational health and safety management systems,workplace safety; OH&S; hazard; risk,candidate,AI recommendation only — human/BIS verification required,system standard; not a product specification,BIS / official BIS references; prototype metadata requires verification before production use,https://www.bis.gov.in/know-your-standard/?lang=en,IS/ISO 45001:2018 | Occupational Health and Safety Management Systems — Requirements with Guidance for Use | Occupational Safety | occupational safety; OH&S; worker safety; hazard; risk management | Occupational health and safety management systems | workplace safety; OH&S; hazard; risk
33,IS 17017:2019,Accessibility — Built Environment — Guidelines,Civil Engineering,Accessibility,accessibility; barrier free; universal design; disabled persons; ramps; building access,Accessibility considerations in the built environment,accessible building; ramps; universal design,candidate,AI recommendation only — human/BIS verification required,use as candidate; verify latest status,BIS / official BIS references; prototype metadata requires verification before production use,https://www.bis.gov.in/know-your-standard/?lang=en,IS 17017:2019 | Accessibility — Built Environment — Guidelines | Accessibility | accessibility; barrier free; universal design; disabled persons; ramps; building access | Accessibility considerations in the built environment | accessible building; ramps; universal design
